Category,Product URL
NEW STYLES,https://smithbrothersfurniture.com/style-details/?sid=211&piece=1
NEW STYLES,https://smithbrothersfurniture.com/style-details/?sid=274&piece=1
NEW STYLES,https://smithbrothersfurniture.com/style-details/?sid=M103&piece=2
NEW STYLES,https://smithbrothersfurniture.com/style-details/?sid=512&piece=1
NEW STYLES,https://smithbrothersfurniture.com/style-details/?sid=D104&piece=4
NEW STYLES,https://smithbrothersfurniture.com/style-details/?sid=D105&piece=1
SOFAS,https://smithbrothersfurniture.com/style-details/?sid=203&piece=1
SOFAS,https://smithbrothersfurniture.com/style-details/?sid=209&piece=8
SOFAS,https://smithbrothersfurniture.com/style-details/?sid=211&piece=1
SOFAS,https://smithbrothersfurniture.com/style-details/?sid=220&piece=1
SOFAS,https://smithbrothersfurniture.com/style-details/?sid=225&piece=1
SOFAS,https://smithbrothersfurniture.com/style-details/?sid=227&piece=1
SOFAS,https://smithbrothersfurniture.com/style-details/?sid=232&piece=1
SOFAS,https://smithbrothersfurniture.com/style-details/?sid=234&piece=1
SOFAS,https://smithbrothersfurniture.com/style-details/?sid=235&piece=1
SOFAS,https://smithbrothersfurniture.com/style-details/?sid=243&piece=1
SOFAS,https://smithbrothersfurniture.com/style-details/?sid=248&piece=1
SOFAS,https://smithbrothersfurniture.com/style-details/?sid=253&piece=1
SOFAS,https://smithbrothersfurniture.com/style-details/?sid=256&piece=1
SOFAS,https://smithbrothersfurniture.com/style-details/?sid=258&piece=1
SOFAS,https://smithbrothersfurniture.com/style-details/?sid=259&piece=1
SOFAS,https://smithbrothersfurniture.com/style-details/?sid=261&piece=1
SOFAS,https://smithbrothersfurniture.com/style-details/?sid=268&piece=1
SOFAS,https://smithbrothersfurniture.com/style-details/?sid=269&piece=1
SOFAS,https://smithbrothersfurniture.com/style-details/?sid=270&piece=1
SOFAS,https://smithbrothersfurniture.com/style-details/?sid=273&piece=1
SOFAS,https://smithbrothersfurniture.com/style-details/?sid=274&piece=1
SOFAS,https://smithbrothersfurniture.com/style-details/?sid=280&piece=1
SOFAS,https://smithbrothersfurniture.com/style-details/?sid=284&piece=1
SOFAS,https://smithbrothersfurniture.com/build-your-own/3000-series
SOFAS,https://smithbrothersfurniture.com/style-details/?sid=346&piece=1
SOFAS,https://smithbrothersfurniture.com/style-details/?sid=366&piece=1
SOFAS,https://smithbrothersfurniture.com/style-details/?sid=374&piece=1
SOFAS,https://smithbrothersfurniture.com/style-details/?sid=383&piece=1
SOFAS,https://smithbrothersfurniture.com/style-details/?sid=393&piece=1
SOFAS,https://smithbrothersfurniture.com/style-details/?sid=393&piece=3
SOFAS,https://smithbrothersfurniture.com/style-details/?sid=396&piece=1
SOFAS,https://smithbrothersfurniture.com/style-details/?sid=397&piece=1
SOFAS,https://smithbrothersfurniture.com/build-your-own/5000-series
SOFAS,https://smithbrothersfurniture.com/build-your-own/8000-series
SOFAS,https://smithbrothersfurniture.com/build-your-own/9000-series
SECTIONALS,https://smithbrothersfurniture.com/style-details/?sid=209&piece=8
SECTIONALS,https://smithbrothersfurniture.com/style-details/?sid=248&piece=4
SECTIONALS,https://smithbrothersfurniture.com/style-details/?sid=253&piece=4
SECTIONALS,https://smithbrothersfurniture.com/style-details/?sid=259&piece=4
SECTIONALS,https://smithbrothersfurniture.com/style-details/?sid=261&piece=4
SECTIONALS,https://smithbrothersfurniture.com/style-details/?sid=270&piece=4
SECTIONALS,https://smithbrothersfurniture.com/style-details/?sid=366&piece=4
SECTIONALS,https://smithbrothersfurniture.com/style-details/?sid=393&piece=6
SECTIONALS,https://smithbrothersfurniture.com/build-your-own/3000-series/
SECTIONALS,https://smithbrothersfurniture.com/build-your-own/5000-series/
SECTIONALS,https://smithbrothersfurniture.com/build-your-own/8000-series/
SECTIONALS,https://smithbrothersfurniture.com/build-your-own/9000-series/
SB Motion,https://smithbrothersfurniture.com/style-details/?sid=M100&piece=3
SB Motion,https://smithbrothersfurniture.com/style-details/?sid=M100&piece=2
SB Motion,https://smithbrothersfurniture.com/style-details/?sid=M100&piece=1
SB Motion,https://smithbrothersfurniture.com/style-details/?sid=M101&piece=3
SB Motion,https://smithbrothersfurniture.com/style-details/?sid=M101&piece=1
SB Motion,https://smithbrothersfurniture.com/style-details/?sid=M101&piece=2
SB Motion,https://smithbrothersfurniture.com/style-details/?sid=M102&piece=2
SB Motion,https://smithbrothersfurniture.com/style-details/?sid=M102&piece=1
SB Motion,https://smithbrothersfurniture.com/style-details/?sid=M102&piece=3
SB Motion,https://smithbrothersfurniture.com/style-details/?sid=M103&piece=2
SB Motion,https://smithbrothersfurniture.com/style-details/?sid=M103&piece=1
SB Motion,https://smithbrothersfurniture.com/style-details/?sid=M103&piece=3
RECLINERS & TILTBACKS,https://smithbrothersfurniture.com/style-details/?sid=501&piece=1
RECLINERS & TILTBACKS,https://smithbrothersfurniture.com/style-details/?sid=503&piece=1
RECLINERS & TILTBACKS,https://smithbrothersfurniture.com/style-details/?sid=522&piece=2
RECLINERS & TILTBACKS,https://smithbrothersfurniture.com/style-details/?sid=532&piece=1
RECLINERS & TILTBACKS,https://smithbrothersfurniture.com/style-details/?sid=541&piece=1
RECLINERS & TILTBACKS,https://smithbrothersfurniture.com/style-details/?sid=704&piece=1
RECLINERS & TILTBACKS,https://smithbrothersfurniture.com/style-details/?sid=705&piece=1
RECLINERS & TILTBACKS,https://smithbrothersfurniture.com/style-details/?sid=710&piece=1
RECLINERS & TILTBACKS,https://smithbrothersfurniture.com/style-details/?sid=713&piece=1
RECLINERS & TILTBACKS,https://smithbrothersfurniture.com/style-details/?sid=720&piece=1
RECLINERS & TILTBACKS,https://smithbrothersfurniture.com/style-details/?sid=722&piece=1
RECLINERS & TILTBACKS,https://smithbrothersfurniture.com/style-details/?sid=729&piece=1
RECLINERS & TILTBACKS,https://smithbrothersfurniture.com/style-details/?sid=730&piece=1
RECLINERS & TILTBACKS,https://smithbrothersfurniture.com/style-details/?sid=731&piece=1
RECLINERS & TILTBACKS,https://smithbrothersfurniture.com/style-details/?sid=732&piece=1
RECLINERS & TILTBACKS,https://smithbrothersfurniture.com/style-details/?sid=733&piece=1
RECLINERS & TILTBACKS,https://smithbrothersfurniture.com/style-details/?sid=734&piece=1
RECLINERS & TILTBACKS,https://smithbrothersfurniture.com/style-details/?sid=735&piece=1
RECLINERS & TILTBACKS,https://smithbrothersfurniture.com/style-details/?sid=736&piece=1
RECLINERS & TILTBACKS,https://smithbrothersfurniture.com/style-details/?sid=737&piece=1
RECLINERS & TILTBACKS,https://smithbrothersfurniture.com/style-details/?sid=738&piece=1
RECLINERS & TILTBACKS,https://smithbrothersfurniture.com/style-details/?sid=739&piece=1
RECLINERS & TILTBACKS,https://smithbrothersfurniture.com/style-details/?sid=740&piece=1
RECLINERS & TILTBACKS,https://smithbrothersfurniture.com/style-details/?sid=742&piece=1
RECLINERS & TILTBACKS,https://smithbrothersfurniture.com/style-details/?sid=743&piece=1
RECLINERS & TILTBACKS,https://smithbrothersfurniture.com/style-details/?sid=746&piece=1
RECLINERS & TILTBACKS,https://smithbrothersfurniture.com/style-details/?sid=748&piece=1
RECLINERS & TILTBACKS,https://smithbrothersfurniture.com/style-details/?sid=770&piece=1
RECLINERS & TILTBACKS,https://smithbrothersfurniture.com/style-details/?sid=780&piece=1
RECLINERS & TILTBACKS,https://smithbrothersfurniture.com/style-details/?sid=932&piece=1
RECLINERS & TILTBACKS,https://smithbrothersfurniture.com/style-details/?sid=951&piece=1
RECLINERS & TILTBACKS,https://smithbrothersfurniture.com/style-details/?sid=M100&piece=1
RECLINERS & TILTBACKS,https://smithbrothersfurniture.com/style-details/?sid=M100&piece=2
RECLINERS & TILTBACKS,https://smithbrothersfurniture.com/style-details/?sid=M100&piece=3
RECLINERS & TILTBACKS,https://smithbrothersfurniture.com/style-details/?sid=M101&piece=1
RECLINERS & TILTBACKS,https://smithbrothersfurniture.com/style-details/?sid=M102&piece=1
RECLINERS & TILTBACKS,https://smithbrothersfurniture.com/style-details/?sid=M102&piece=2
RECLINERS & TILTBACKS,https://smithbrothersfurniture.com/style-details/?sid=M103&piece=1
OCCASIONAL CHAIRS,https://smithbrothersfurniture.com/style-details/?sid=500&piece=1
OCCASIONAL CHAIRS,https://smithbrothersfurniture.com/style-details/?sid=502&piece=1
OCCASIONAL CHAIRS,https://smithbrothersfurniture.com/style-details/?sid=505&piece=1
OCCASIONAL CHAIRS,https://smithbrothersfurniture.com/style-details/?sid=506&piece=1
OCCASIONAL CHAIRS,https://smithbrothersfurniture.com/style-details/?sid=510&piece=1
OCCASIONAL CHAIRS,https://smithbrothersfurniture.com/style-details/?sid=512&piece=1
OCCASIONAL CHAIRS,https://smithbrothersfurniture.com/style-details/?sid=514&piece=1
OCCASIONAL CHAIRS,https://smithbrothersfurniture.com/style-details/?sid=517&piece=1
OCCASIONAL CHAIRS,https://smithbrothersfurniture.com/style-details/?sid=522&piece=1
OCCASIONAL CHAIRS,https://smithbrothersfurniture.com/style-details/?sid=527&piece=1
OCCASIONAL CHAIRS,https://smithbrothersfurniture.com/style-details/?sid=530&piece=1
OCCASIONAL CHAIRS,https://smithbrothersfurniture.com/style-details/?sid=534&piece=1
OCCASIONAL CHAIRS,https://smithbrothersfurniture.com/style-details/?sid=536&piece=1
OCCASIONAL CHAIRS,https://smithbrothersfurniture.com/style-details/?sid=538&piece=1
OCCASIONAL CHAIRS,https://smithbrothersfurniture.com/style-details/?sid=540&piece=1
OCCASIONAL CHAIRS,https://smithbrothersfurniture.com/style-details/?sid=544&piece=1
OCCASIONAL CHAIRS,https://smithbrothersfurniture.com/style-details/?sid=549&piece=1
OCCASIONAL CHAIRS,https://smithbrothersfurniture.com/style-details/?sid=550&piece=1
OCCASIONAL CHAIRS,https://smithbrothersfurniture.com/style-details/?sid=552&piece=1
OCCASIONAL CHAIRS,https://smithbrothersfurniture.com/style-details/?sid=554&piece=1
OCCASIONAL CHAIRS,https://smithbrothersfurniture.com/style-details/?sid=558&piece=1
OCCASIONAL CHAIRS,https://smithbrothersfurniture.com/style-details/?sid=559&piece=1
OCCASIONAL CHAIRS,https://smithbrothersfurniture.com/style-details/?sid=560&piece=1
OCCASIONAL CHAIRS,https://smithbrothersfurniture.com/style-details/?sid=562&piece=1
OCCASIONAL CHAIRS,https://smithbrothersfurniture.com/style-details/?sid=568&piece=1
OCCASIONAL CHAIRS,https://smithbrothersfurniture.com/style-details/?sid=825&piece=1
OCCASIONAL CHAIRS,https://smithbrothersfurniture.com/style-details/?sid=919&piece=1
OCCASIONAL CHAIRS,https://smithbrothersfurniture.com/style-details/?sid=933&piece=1
OCCASIONAL CHAIRS,https://smithbrothersfurniture.com/style-details/?sid=937&piece=1
OCCASIONAL CHAIRS,https://smithbrothersfurniture.com/style-details/?sid=944&piece=1
OCCASIONAL CHAIRS,https://smithbrothersfurniture.com/style-details/?sid=961&piece=1
OCCASIONAL CHAIRS,https://smithbrothersfurniture.com/style-details/?sid=986&piece=1
OCCASIONAL CHAIRS,https://smithbrothersfurniture.com/style-details/?sid=D100&piece=1
OCCASIONAL CHAIRS,https://smithbrothersfurniture.com/style-details/?sid=D100&piece=4
OCCASIONAL CHAIRS,https://smithbrothersfurniture.com/style-details/?sid=D101&piece=1
OCCASIONAL CHAIRS,https://smithbrothersfurniture.com/style-details/?sid=D101&piece=4
OCCASIONAL CHAIRS,https://smithbrothersfurniture.com/style-details/?sid=D102&piece=1
OCCASIONAL CHAIRS,https://smithbrothersfurniture.com/style-details/?sid=D102&piece=4
OCCASIONAL CHAIRS,https://smithbrothersfurniture.com/style-details/?sid=D103&piece=1
OCCASIONAL CHAIRS,https://smithbrothersfurniture.com/style-details/?sid=D104&piece=1
OCCASIONAL CHAIRS,https://smithbrothersfurniture.com/style-details/?sid=D104&piece=4
OCCASIONAL CHAIRS,https://smithbrothersfurniture.com/style-details/?sid=D105&piece=1
OCCASIONAL OTTOMANS,https://smithbrothersfurniture.com/style-details/?sid=238
OCCASIONAL OTTOMANS,https://smithbrothersfurniture.com/style-details/?sid=1372
OCCASIONAL OTTOMANS,https://smithbrothersfurniture.com/style-details/?sid=953
OCCASIONAL OTTOMANS,https://smithbrothersfurniture.com/style-details/?sid=954
OCCASIONAL OTTOMANS,/style-details/?sid=884
OCCASIONAL OTTOMANS,https://smithbrothersfurniture.com/style-details/?sid=894
OCCASIONAL OTTOMANS,/style-details/?sid=885
OCCASIONAL OTTOMANS,https://smithbrothersfurniture.com/style-details/?sid=895
OCCASIONAL OTTOMANS,https://smithbrothersfurniture.com/style-details/?sid=900
OCCASIONAL OTTOMANS,https://smithbrothersfurniture.com/style-details/?sid=901
OCCASIONAL OTTOMANS,https://smithbrothersfurniture.com/build-your-own/2000-series/
SB DINING,https://smithbrothersfurniture.com/style-details/?sid=D100&piece=4
SB DINING,https://smithbrothersfurniture.com/style-details/?sid=D100&piece=1
SB DINING,https://smithbrothersfurniture.com/style-details/?sid=D100&piece=3
SB DINING,https://smithbrothersfurniture.com/style-details/?sid=D100&piece=2
SB DINING,https://smithbrothersfurniture.com/style-details/?sid=D101&piece=4
SB DINING,https://smithbrothersfurniture.com/style-details/?sid=D101&piece=1
SB DINING,https://smithbrothersfurniture.com/style-details/?sid=D101&piece=3
SB DINING,https://smithbrothersfurniture.com/style-details/?sid=D101&piece=2
SB DINING,https://smithbrothersfurniture.com/style-details/?sid=D102&piece=4
SB DINING,https://smithbrothersfurniture.com/style-details/?sid=D102&piece=1
SB DINING,https://smithbrothersfurniture.com/style-details/?sid=D102&piece=3
SB DINING,https://smithbrothersfurniture.com/style-details/?sid=D102&piece=2
SB DINING,https://smithbrothersfurniture.com/style-details/?sid=D103&piece=1
SB DINING,https://smithbrothersfurniture.com/style-details/?sid=D104&piece=4
SB DINING,https://smithbrothersfurniture.com/style-details/?sid=D104&piece=1
SB DINING,https://smithbrothersfurniture.com/style-details/?sid=D104&piece=3
SB DINING,https://smithbrothersfurniture.com/style-details/?sid=D104&piece=2
SB DINING,https://smithbrothersfurniture.com/style-details/?sid=D105&piece=1
